Country,1988,1989,1990,1991,1992,1993,1994,1995,1996,1997,1998,1999,2000,2001,2002,2003,2004,2005,2006,2007,2008,2009,2010,2011,2012,2013,2014,2015,2016
Algeria,41.8,33.8,34.9,21.3,38.8,46.0,47.1,42.7,49.4,58.6,63.0,59.4,60.3,66.2,65.7,68.1,85.4,87.9,91.7,115.2,148.6,149.2,157.4,235.6,249.1,266.1,249.8,262.5,252.7
Libya,0.0,0.0,0.0,0.0,0.0,0.0,0.0,0.0,0.0,247.3,280.1,219.9,203.4,151.0,82.0,96.5,120.1,119.1,104.0,106.2,179.7,0,0,0,475.4,632.7,600.0,0,0
Morocco,38.2,40.4,42.9,45.2,47.5,47.6,51.0,52.9,52.5,50.2,51.1,42.2,29.7,50.3,49.9,61.0,64.4,66.8,69.6,77.7,93.9,96.3,98.4,102.8,103.2,121.5,119.4,95.1,95.5
Tunisia,29.6,29.1,30.1,30.9,33.7,31.4,33.2,37.6,42.9,38.2,38.5,37.2,34.3,34.3,35.0,41.0,44.4,46.4,48.8,47.6,55.6,53.7,53.7,66.5,62.6,69.0,81.6,87.0,85.8
Angola,139.3,180.1,157.4,89.9,67.0,144.9,0.0,17.9,11.9,33.1,12.0,73.0,38.8,26.0,27.2,40.1,47.3,76.2,106.3,105.9,159.4,161.4,165.0,165.9,182.7,259.8,282.4,144.2,109.3
Benin,7.9,5.9,6.6,0.0,0.0,0.0,0.0,0.0,0.0,0.0,0.0,2.6,2.1,1.8,3.5,4.5,5.3,5.5,5.5,0,7.2,0.0,0.0,0.0,7.8,8.3,8.8,8.4,8.8
Botswana,72.1,76.7,113.2,121.3,121.9,123.8,110.7,105.2,87.2,97.5,107.9,99.3,106.4,119.3,125.1,166.3,171.1,152.3,144.0,158.7,168.9,164.5,170.3,173.9,153.3,140.8,156.0,169.6,223.1
Burkina Faso,6.8,7.8,9.6,7.7,7.6,6.3,3.1,3.7,3.6,3.6,3.6,3.7,3.2,3.1,3.5,4.0,5.0,5.5,5.3,7.6,8.0,8.4,7.9,8.6,8.9,9.7,10.1,8.2,8.0
Burundi,6.5,6.9,7.1,7.4,6.6,6.0,6.8,6.7,8.0,9.6,9.0,7.6,6.3,7.7,6.3,5.9,5.9,6.2,5.4,5.4,5.0,0.0,0.0,0.0,5.8,5.8,5.7,5.9,5.8
Cameroon,13.6,12.5,15.0,14.3,14.4,12.8,7.0,8.2,8.2,8.1,9.1,9.3,7.7,7.6,8.7,10.9,12.5,12.3,13.8,15.6,17.7,17.1,17.2,16.5,16.4,17.7,17.6,15.2,16.2
Cape Verde,15.4,0.0,0.0,0.0,9.9,7.4,9.1,15.9,10.7,10.0,10.7,11.7,15.5,10.4,9.9,12.5,13.8,14.9,14.6,16.5,22.2,17.3,16.8,19.7,19.4,19.4,19.6,17.1,19.3
Central African Rep.,0.0,0.0,0.0,7.2,7.5,6.0,3.3,3.9,3.6,0.0,0.0,0.0,0.0,0.0,2.8,3.8,3.8,3.8,0.0,4.5,7.4,8.3,11.6,0.0,0.0,0.0,0.0,0.0,0.0
Chad,13.9,9.8,5.8,0.0,5.6,6.0,3.3,2.9,3.4,2.2,2.1,2.6,2.6,3.0,3.8,4.4,5.2,5.5,21.4,36.1,54.9,64.2,51.8,49.6,0.0,55.3,28.9,15.7,18.4
Congo,0.0,0.0,0.0,0.0,49.9,42.4,0.0,0.0,0.0,0.0,0.0,0.0,0.0,17.1,21.7,28.1,36.4,28.8,35.1,45.2,54.2,0.0,53.7,0.0,0.0,83.5,156.5,0.0,118.4
"Congo, Dem. Rep.",6.6,2.0,1.3,1.2,2.3,11.9,0.0,0.0,2.1,1.9,0.6,3.2,2.8,0.0,0.0,1.5,2.5,2.9,3.5,3.4,2.6,1.9,2.8,3.5,4.7,5.2,4.6,6.4,5.9
Côte d’Ivoire,11.3,11.0,11.8,11.4,12.0,11.0,6.0,0.0,6.9,6.1,0.0,0.0,0.0,0.0,0.0,12.2,14.1,13.8,14.5,17.2,19.2,21.3,19.3,17.3,19.3,19.9,23.5,25.1,18.3
Djibouti,59.4,55.6,52.9,52.0,53.6,48.6,47.3,44.8,36.4,38.7,38.2,37.7,36.0,35.5,44.6,55.2,48.7,57.6,62.8,43.2,44.8,0.0,0.0,0.0,0.0,0.0,0.0,0.0,0.0
Equatorial Guinea,0.0,0.0,0.0,0.0,0.0,0.0,5.5,7.7,0.0,0.0,0.0,0.0,0.0,0.0,0.0,0.0,0.0,0.0,0.0,294.9,426.6,525.9,0,0,0,0,202.9,0.0,20.9
Eritrea,xxx,xxx,xxx,xxx,xxx,34.2,25.5,39.5,47.5,28.4,78.8,79.6,65.3,45.6,39.8,46.2,0.0,0.0,0.0,0.0,0.0,0.0,0.0,0.0,0.0,0.0,0.0,0.0,0.0
Ethiopia,13.7,16.8,16.3,10.6,4.9,3.1,2.7,2.1,2.1,3.7,7.3,10.9,9.3,5.1,4.1,3.8,4.2,4.5,4.4,4.5,4.7,4.0,3.5,3.7,4.0,3.6,4.3,4.5,4.6
Gabon,0.0,0.0,0.0,0.0,0.0,0.0,0.0,0.0,0.0,0.0,0.0,0.0,74.1,71.4,73.5,82.2,92.9,85.7,92.4,0.0,0.0,0.0,174.3,168.6,172.4,171.0,123.3,98.8,114.9
Gambia,2.6,3.1,3.8,4.2,3.6,2.5,2.2,2.7,3.6,3.7,3.5,2.9,2.7,1.9,1.7,1.5,1.4,2.1,1.9,3.0,10.8,4.3,0.0,0.0,6.2,5.6,7.6,7.2,0.0
Ghana,1.6,1.6,1.9,2.8,2.7,2.6,2.3,2.9,2.6,2.6,3.2,3.2,2.7,1.7,1.9,2.6,2.7,3.0,3.4,5.6,4.9,5.0,5.0,9.4,13.2,9.7,9.4,7.0,5.8
Guinea,0.0,0.0,0.0,11.3,8.2,6.1,6.1,0.0,0.0,5.3,5.3,6.4,5.2,9.8,10.8,9.1,8.6,0.0,0.0,0.0,0.0,0.0,0.0,0.0,14.5,16.5,16.0,17.6,12.5
Guinea-Bissau,0.0,4.3,0.0,0.0,0.0,0.0,1.7,1.9,1.6,1.5,2.3,0.0,7.2,4.6,4.6,5.4,0.0,8.3,0.0,0.0,0.0,8.6,10.5,10.5,14.3,12.4,11.9,9.2,0.0
Kenya,11.5,10.1,10.5,7.9,6.2,4.1,4.4,5.4,6.1,6.1,5.8,5.0,5.3,6.1,6.5,7.3,7.5,9.0,10.4,13.3,15.2,14.7,15.4,15.6,19.7,19.7,18.3,18.3,19.7
Lesotho,11.0,14.4,15.1,13.7,14.6,13.1,15.0,19.6,15.9,15.9,15.3,18.5,16.5,12.5,10.4,14.4,16.4,17.5,18.2,20.4,13.9,23.8,35.1,28.6,25.9,23.0,22.6,20.6,18.8
Liberia,0.0,0.0,0.0,0.0,0.0,0.0,0.0,0.0,0.0,0.0,0.0,0.0,0.0,0.0,0.0,0.0,1.0,2.5,1.2,1.0,1.1,1.9,2.1,3.3,3.6,3.5,3.3,3.0,2.7
Madagascar,3.0,2.7,3.3,2.9,1.9,3.0,2.1,2.0,3.6,3.7,3.4,3.0,3.0,4.0,3.5,4.2,3.1,3.0,2.9,4.2,5.2,3.5,2.7,3.3,3.1,3.1,3.0,2.4,2.4
Malawi,2.3,2.5,2.6,2.5,2.6,2.7,1.8,1.1,2.0,2.6,1.4,1.3,1.0,1.1,1.3,1.1,1.8,3.0,2.4,2.5,3.2,4.1,3.4,3.5,3.2,4.2,3.2,2.6,1.9
Mali,5.9,5.5,6.1,0.0,0.0,4.9,3.2,4.2,4.0,4.0,3.9,4.1,4.0,3.9,4.2,5.5,6.2,6.7,7.2,8.0,10.0,9.8,9.7,10.3,9.2,9.3,12.8,17.6,20.3
Mauritania,22.4,19.7,19.9,19.0,18.4,13.7,13.0,13.7,15.8,16.8,10.0,12.2,14.0,18.5,12.6,21.0,0.0,21.1,25.3,0.0,36.1,32.8,0.0,0.0,37.7,37.2,36.5,32.7,32.6
Mauritius,4.5,6.1,8.7,9.8,10.6,9.8,10.6,11.9,11.4,8.5,7.3,7.7,7.9,7.5,7.9,9.0,9.0,8.9,8.8,9.4,12.6,12.3,11.9,14.0,13.2,18.4,15.6,16.5,18.0
Mozambique,4.9,6.0,6.3,5.2,4.2,4.0,4.7,2.1,2.2,2.5,2.8,3.2,3.0,2.7,2.8,3.0,3.8,2.9,2.6,3.1,3.6,3.6,4.1,4.8,5.4,6.0,6.4,5.3,3.9
Namibia,xxx,xxx,0.0,98.7,82.3,45.0,35.5,41.3,39.0,47.6,43.6,56.9,48.7,50.1,44.9,65.4,83.4,94.8,97.2,109.5,125.8,139.2,180.8,198.0,179.9,166.2,223.7,219.6,181.0
Niger,0.0,0.0,0.0,0.0,0.0,0.0,1.9,2.0,1.8,1.7,2.1,2.2,1.8,2.1,1.7,2.0,2.4,2.4,0.0,0.0,3.6,3.4,4.1,5.0,8.4,5.8,0.0,0.0,8.0
Nigeria,3.0,1.8,2.9,2.5,1.7,2.8,3.0,5.9,6.3,7.2,9.8,4.1,3.0,4.5,6.9,4.4,4.7,4.8,5.4,6.6,10.7,9.7,12.5,14.6,13.8,14.0,13.3,11.3,9.2
Rwanda,5.2,5.7,13.1,14.9,13.2,14.2,6.8,9.5,12.1,11.9,12.4,10.7,7.6,6.8,6.0,5.2,4.7,5.0,5.9,5.9,6.9,7.5,7.2,7.1,7.4,7.4,8.0,8.9,8.5
Senegal,14.9,13.7,15.7,14.2,13.7,14.6,7.8,9.3,8.9,7.7,8.0,8.1,6.3,6.8,7.2,9.1,9.8,11.0,12.8,16.2,17.7,17.1,15.1,17.2,14.3,16.6,16.3,14.2,16.3
Seychelles,173.6,185.8,210.1,231.6,282.0,174.7,157.5,151.1,135.7,145.3,133.1,138.5,127.2,134.1,139.1,142.7,182.3,165.9,159.8,167.1,121.4,93.7,76.9,92.9,105.0,144.6,322.4,180.6,189.5
Sierra Leone,2.4,3.7,3.2,5.9,6.8,6.0,6.9,6.5,4.9,2.5,0.0,0.0,5.7,7.1,6.1,6.1,4.7,4.6,5.3,5.4,4.3,4.7,4.3,4.3,4.9,5.1,7.7,6.1,4.1
Somalia,0.0,0.0,0.0,0.0,0.0,0.0,0.0,0.0,0.0,0.0,0.0,0.0,0.0,0.0,0.0,0.0,0.0,0.0,0.0,0.0,0.0,0.0,0.0,0.0,0.0,0.0,0.0,0.0,0.0
South Africa,121.1,116.3,118.6,102.8,95.2,82.1,85.8,79.5,61.4,56.2,43.7,39.3,42.1,39.5,38.2,54.8,65.0,73.8,71.5,70.9,65.3,70.5,81.1,87.9,85.0,77.1,72.1,63.5,57.5
South Sudan,xxx,xxx,xxx,xxx,xxx,xxx,xxx,xxx,xxx,xxx,xxx,xxx,xxx,xxx,xxx,xxx,xxx,xxx,65.3,66.7,97.3,63.4,64.7,100.2,90.0,85.7,109.3,93.3,10.8
Sudan,19.8,0.0,58.9,65.5,8.4,11.3,9.5,5.6,4.2,3.7,9.7,15.7,20.9,13.5,16.4,13.1,39.8,36.4,50.2,72.2,93.6,90.1,0.0,0.0,0.0,0.0,0.0,56.7,66.1
Swaziland,10.9,10.5,16.5,18.0,23.1,25.6,27.3,29.9,26.9,25.5,25.0,24.7,23.0,18.3,16.9,29.3,39.0,53.8,52.3,54.5,57.8,64.7,85.5,87.9,73.6,68.8,64.1,57.1,51.5
Tanzania,5.2,4.3,3.4,4.1,3.6,2.1,2.0,2.9,3.3,3.8,4.2,3.9,4.0,4.3,3.9,3.4,3.4,3.6,3.7,4.0,4.5,5.0,6.2,6.5,7.4,8.8,9.8,9.7,9.9
Togo,12.0,11.4,13.4,11.8,12.3,12.3,6.1,7.2,0.0,0.0,0.0,0.0,0.0,0.0,0.0,5.5,5.8,6.0,0.0,0.0,9.4,8.9,8.9,9.0,9.3,10.5,11.7,9.6,10.9
Uganda,8.7,8.3,6.2,4.1,2.8,3.3,5.3,6.2,6.4,6.4,6.9,6.9,5.9,5.5,5.6,5.8,7.2,7.7,7.5,8.4,10.1,9.2,18.4,18.8,12.1,11.8,12.3,10.0,10.0
Zambia,11.3,21.2,17.1,10.3,11.4,5.8,7.0,6.0,4.0,4.4,0.0,5.4,0.0,0.0,0.0,0.0,8.4,11.6,16.6,18.2,21.2,16.4,20.1,21.6,23.4,25.0,28.2,23.0,17.9
Zimbabwe,41.3,40.1,39.7,34.9,26.9,22.2,21.6,22.5,24.6,25.8,25.0,21.3,27.7,22.7,53.3,15.2,19.9,10.1,12.3,0.0,0.0,0.0,7.0,13.9,21.9,23.9,24.1,24.1,22.4
Belize,0.0,23.7,25.4,24.8,27.2,31.0,39.2,38.9,37.3,42.4,0.0,0.0,28.8,29.2,29.9,31.8,34.4,37.8,42.2,46.1,61.1,55.0,47.7,46.8,45.2,51.7,51.2,53.1,56.2
Costa Rica,0.0,0.0,0.0,0.0,0.0,0.0,0.0,0.0,0.0,0.0,0.0,0.0,0.0,0.0,0.0,0.0,0.0,0.0,0.0,0.0,0.0,0.0,0.0,0.0,0.0,0.0,0.0,0.0,0.0
Cuba,0.0,0.0,0.0,0.0,0.0,0.0,0.0,0.0,0.0,0.0,0.0,0.0,0.0,0.0,0.0,26.5,5.5,7.0,6.8,7.4,7.9,8.2,8.3,8.3,11.2,10.5,11.0,10.4,0.0
Dominican Rep.,6.9,7.6,6.7,4.6,8.5,12.6,13.0,10.7,13.3,18.5,19.2,20.8,28.8,35.2,30.8,17.4,16.8,29.5,27.7,28.9,34.6,32.8,35.9,34.8,39.0,37.3,42.1,43.5,42.9
El Salvador,35.0,41.1,31.2,27.3,24.9,21.3,19.8,20.0,19.6,19.7,19.3,19.9,19.0,25.8,27.5,21.5,21.6,22.3,23.8,27.7,28.8,31.5,33.3,36.4,36.9,39.0,38.2,40.5,37.8
Guatemala,16.8,17.0,14.4,12.7,16.0,14.6,15.1,15.3,13.3,12.2,12.6,10.8,13.5,16.4,12.9,14.2,8.9,7.9,9.7,9.9,11.8,10.2,11.5,13.1,14.6,15.9,16.5,16.8,16.3
Haiti,0.3,0.3,0.4,0.4,0.2,0.2,0.2,0.3,0.0,0.0,0.0,0.0,0.0,0.0,0.0,0.0,0.0,0.0,0.0,0.0,0.0,0.0,0.0,0.0,0.0,0.0,0.0,0.0,0.0
Honduras,28.5,29.0,13.7,9.4,0.0,7.6,0.0,0.0,0.0,0.0,0.0,0.0,8.4,9.9,9.8,12.4,9.0,9.1,10.8,13.4,18.2,21.2,22.7,26.3,27.4,36.3,41.2,39.9,41.9
Jamaica,13.1,17.3,16.2,13.3,19.5,18.2,13.9,14.2,16.6,21.6,18.6,17.5,16.8,17.7,21.6,20.7,20.5,22.2,27.0,30.9,48.1,42.1,42.2,48.6,49.8,46.3,43.6,42.3,42.2
Mexico,11.9,13.7,15.5,18.3,22.4,25.6,31.2,18.1,21.5,24.4,24.9,28.7,32.3,34.0,33.0,30.4,28.9,33.0,36.7,42.2,43.0,41.6,49.7,53.8,57.2,63.3,69.1,60.9,46.8
Nicaragua,0.0,0.0,275.7,16.0,10.9,9.1,7.8,7.6,6.7,6.3,5.4,5.4,6.1,5.5,6.7,6.7,6.1,6.3,6.8,7.1,7.6,7.4,7.7,8.9,11.9,12.5,13.5,16.3,11.8
Panama,43.4,42.1,29.6,31.2,30.6,36.2,37.6,35.3,36.2,41.4,35.7,37.6,0.0,0.0,0.0,0.0,0.0,0.0,0.0,0.0,0.0,0.0,0.0,0.0,0.0,0.0,0.0,0.0,0.0
Trinidad & Tobago,0.0,0.0,0.0,0.0,0.0,18.2,19.4,0.0,0.0,0.0,0.0,0.0,0.0,11.0,15.3,26.3,58.8,75.4,88.7,95.3,105.7,104.8,107.7,109.4,125.8,156.6,139.5,152.3,173.1
Canada,367.7,393.7,412.6,404.7,380.5,358.0,330.3,313.2,291.2,266.0,257.0,269.9,270.3,270.3,271.5,315.2,355.2,402.7,454.1,528.1,579.7,561.1,566.0,620.1,586.6,525.6,501.7,426.2,417.8
USA,1182.5,1214.7,1210.9,1097.6,1183.1,1142.4,1094.0,1047.2,1007.2,1012.6,992.5,1004.4,1066.5,1094.3,1236.6,1426.9,1583.1,1699.7,1765.6,1846.3,2040.0,2176.1,2253.1,2277.1,2175.3,2017.1,1909.3,1852.3,1886.2
Argentina,84.8,44.7,62.7,86.1,96.7,98.8,108.6,108.6,95.4,93.2,93.8,94.5,88.2,85.0,29.4,35.9,37.8,43.4,46.7,57.5,69.1,73.1,84.3,97.3,108.4,120.8,115.9,126.3,118.8
Bolivia,14.1,15.1,20.0,20.5,19.8,15.1,18.1,18.6,19.0,22.9,28.5,21.6,20.8,21.7,18.5,19.7,18.8,18.5,19.3,23.4,34.1,35.4,33.0,40.0,48.8,54.3,59.3,53.7,52.0
Brazil,40.5,59.3,61.4,43.8,32.1,45.0,66.1,88.0,85.1,83.0,84.2,57.0,64.5,61.3,53.4,45.7,52.5,72.1,86.0,106.3,125.5,130.4,171.2,184.2,167.9,160.9,158.5,118.4,113.0
Chile,78.6,76.5,78.5,77.7,86.2,93.7,104.8,128.8,132.3,145.3,142.8,136.4,138.7,123.3,114.5,131.5,168.9,192.6,236.8,244.3,278.9,231.9,287.6,330.6,314.4,314.6,287.3,258.3,254.2
Colombia,26.2,25.7,26.0,26.1,31.0,42.3,54.5,70.0,113.5,77.3,86.4,81.6,74.9,79.6,80.5,77.8,95.0,113.5,121.5,152.7,201.6,198.9,227.0,222.1,249.7,264.1,247.9,189.2,196.3
Ecuador,20.3,18.9,19.8,20.0,19.7,25.2,26.0,41.5,35.9,41.8,45.1,23.9,21.1,29.9,38.6,55.6,52.6,69.5,68.0,92.2,113.9,132.7,140.2,161.7,168.0,174.7,175.2,151.7,132.1
Guyana,15.0,8.3,5.0,2.8,5.1,6.2,7.6,7.8,7.6,0.0,0.0,0.0,17.0,19.3,22.4,22.0,29.8,24.9,25.8,33.5,40.8,41.4,41.2,42.9,44.2,46.2,51.4,60.6,63.4
Paraguay,44.7,23.9,26.6,45.7,38.3,34.8,34.6,43.5,41.5,33.7,27.4,22.4,20.8,16.9,12.7,11.3,14.8,13.4,18.1,22.2,27.8,27.5,32.9,45.3,50.3,57.4,60.8,58.2,51.0
Peru,35.2,40.4,35.6,31.3,39.8,41.3,47.0,58.8,57.1,47.5,45.3,38.8,35.2,34.4,31.6,33.1,33.8,41.6,43.6,43.2,48.4,59.4,66.6,68.1,84.7,96.8,94.6,101.7,78.0
Uruguay,84.7,96.4,105.6,85.8,116.3,131.8,140.7,162.4,177.2,175.8,174.1,173.5,167.4,157.2,103.5,81.0,84.0,104.4,117.9,124.6,169.4,171.6,223.9,243.6,272.2,306.7,302.5,282.6,282.6
Venezuela,58.0,61.7,37.1,48.4,47.7,60.6,43.2,54.0,32.4,66.7,61.6,58.6,73.0,76.6,42.2,38.2,55.1,76.7,110.1,107.3,153.8,140.8,116.0,81.0,166.3,175.5,181.7,169.2,292.5
Kazakhstan,xxx,xxx,xxx,xxx,0.0,0.0,6.6,11.2,15.4,15.3,15.9,9.6,9.6,14.8,16.4,21.0,27.9,38.3,50.8,86.3,96.8,79.0,92.1,109.0,129.5,149.2,132.8,116.1,61.7
Kyrgyzstan,xxx,xxx,xxx,xxx,0.0,0.0,6.3,11.2,11.7,11.6,9.1,6.6,8.0,7.2,8.7,10.9,12.4,14.8,17.4,22.2,28.2,27.7,33.7,37.9,37.5,40.8,43.1,38.8,34.2
Tajikistan,xxx,xxx,xxx,xxx,0.2,4.2,2.5,1.0,2.3,3.2,3.8,2.5,1.7,2.0,4.0,5.3,6.8,0.0,0.0,0.0,7.2,6.4,7.1,9.2,9.6,0.0,12.6,11.3,0.0
Turkmenistan,xxx,xxx,xxx,xxx,0.0,0.0,19.4,32.4,11.4,24.5,19.9,25.2,0.0,0.0,0.0,0.0,0.0,0.0,0.0,0.0,0.0,0.0,0.0,0.0,0.0,0.0,0.0,0.0,0.0
Uzbekistan,xxx,xxx,xxx,xxx,0.0,0.0,3.9,5.0,7.5,9.3,0.0,10.3,4.7,2.4,1.8,2.1,0.0,0.0,0.0,0.0,0.0,0.0,0.0,0.0,0.0,0.0,0.0,0.0,0.0
"China, P.R.",0.0,10.0,8.7,8.5,10.5,10.5,8.3,10.3,11.8,12.9,14.0,16.7,18.1,21.8,25.0,27.2,31.1,35.2,42.2,51.5,65.1,79.2,86.3,102.3,116.1,132.0,146.6,155.6,155.7
Japan,232.4,229.6,235.6,267.2,292.2,334.4,364.9,401.4,353.0,325.0,302.1,343.7,362.0,323.5,311.6,335.8,357.6,348.9,326.8,318.5,364.1,404.2,429.3,477.5,472.0,386.1,367.8,324.7,365.4
"Korea, North",0.0,0.0,0.0,0.0,0.0,0.0,0.0,0.0,0.0,0.0,0.0,0.0,0.0,0.0,0.0,0.0,0.0,0.0,0.0,0.0,0.0,0.0,0.0,0.0,0.0,0.0,0.0,0.0,0.0
"Korea, South",183.7,222.6,235.3,252.7,265.7,281.1,304.9,360.2,364.9,327.9,229.3,263.5,298.7,278.4,301.5,336.9,376.8,465.5,525.6,575.2,537.5,503.5,573.9,627.9,644.1,689.2,744.6,724.4,728.8
Mongolia,0.0,0.0,0.0,50.0,14.7,6.2,7.2,9.3,9.3,8.0,8.5,7.6,10.1,9.6,10.3,9.9,11.1,11.8,15.3,21.8,25.4,14.1,20.2,31.6,40.5,36.2,36.1,34.4,33.9
Taiwan,358.1,406.2,430.1,455.6,488.6,560.3,569.7,542.2,551.8,527.3,426.8,439.3,401.2,361.3,338.4,333.4,347.1,352.9,334.9,355.6,388.9,394.5,391.9,429.9,450.4,427.0,419.6,419.3,424.3
Afghanistan,0.0,0.0,0.0,0.0,0.0,0.0,0.0,0.0,0.0,0.0,0.0,0.0,0.0,0.0,0.0,0.0,5.3,5.0,5.2,8.5,9.1,9.3,10.7,11.3,8.0,7.1,8.5,6.1,5.2
Bangladesh,3.3,3.7,3.5,3.5,3.9,4.2,4.7,5.2,5.3,5.5,5.6,5.7,5.6,5.3,5.0,5.2,5.5,5.4,5.7,6.5,6.9,8.4,10.7,11.7,11.7,13.0,14.8,17.6,19.5
India,13.6,12.4,12.1,9.7,8.9,8.9,9.4,10.2,10.1,11.5,11.7,13.4,13.6,13.6,13.5,14.7,18.0,20.2,20.6,24.0,27.6,31.9,37.4,39.8,37.4,37.0,39.3,39.1,42.1
Nepal,2.0,2.0,2.0,1.8,1.9,1.8,1.9,1.9,1.8,1.9,1.8,2.0,2.2,2.7,3.5,4.1,5.2,6.2,6.1,6.5,7.1,7.9,9.5,10.5,9.3,10.1,11.6,11.2,11.0
Pakistan,26.8,24.7,26.1,27.7,29.8,28.4,27.8,29.9,28.2,25.8,24.4,22.8,21.5,20.1,22.7,25.3,27.5,29.9,31.7,33.4,32.0,31.7,35.1,40.0,42.2,42.2,46.8,50.2,52.1
Sri Lanka,9.8,7.3,10.8,15.8,18.4,19.8,24.1,41.8,41.8,37.8,39.5,33.8,43.8,35.7,30.0,28.2,32.0,33.0,40.2,53.2,75.8,75.8,75.8,86.2,72.2,78.0,92.9,99.3,95.4
Brunei,734.9,745.3,899.7,928.4,925.4,836.3,911.1,968.6,1085.7,1191.5,927.7,798.0,738.8,645.8,658.7,696.2,560.5,686.9,797.1,862.9,950.6,903.6,993.4,1039.9,1014.2,1001.4,1264.5,1002.0,940.3
Cambodia,0.0,0.0,3.2,4.6,6.4,4.5,10.4,11.5,10.3,9.1,7.2,7.4,6.6,5.7,5.1,5.2,5.3,5.3,5.6,5.8,5.9,9.7,11.7,13.2,14.7,16.1,18.1,24.5,23.4
Indonesia,7.8,7.9,8.9,9.2,10.1,10.1,11.5,12.6,14.4,15.9,4.7,5.4,5.3,4.3,6.3,9.7,10.9,9.5,11.4,14.4,13.7,13.9,19.3,23.8,26.3,33.4,27.2,29.7,31.4
Laos,0.0,0.0,0.0,0.0,22.7,23.3,24.5,21.3,15.8,13.2,6.5,2.9,2.6,2.3,2.1,2.0,2.0,2.1,2.3,2.5,2.7,2.3,2.5,3.0,3.1,3.4,0.0,0.0,0.0
Malaysia,49.7,57.6,61.8,84.0,92.0,97.6,104.9,117.9,113.9,95.8,51.8,72.6,65.5,80.9,91.7,115.9,111.4,121.0,124.4,148.5,162.2,143.3,137.1,164.2,155.3,166.8,164.5,149.4,135.6
Myanmar,0.0,0.0,0.0,0.0,0.0,0.0,0.0,0.0,0.0,0.0,0.0,0.0,0.0,0.0,0.0,0.0,0.0,0.0,0.0,0.0,0.0,0.0,0.0,0.0,56.5,44.7,44.4,47.4,0.0
Philippines,15.8,15.8,15.4,14.4,16.6,17.6,20.4,24.3,26.3,21.6,16.4,17.6,16.7,14.1,14.8,15.7,14.7,15.9,18.3,22.6,25.1,23.1,26.2,28.6,30.2,34.6,31.3,33.1,38.1
Singapore,418.7,479.2,597.4,652.5,730.4,753.9,825.3,1054.6,1148.5,1220.1,1195.6,1175.4,1105.3,1071.1,1094.8,1110.3,1152.7,1215.4,1263.5,1377.3,1537.1,1518.1,1596.6,1718.9,1730.7,1729.1,1742.7,1676.4,1749.0
Thailand,32.9,34.8,39.1,45.4,51.3,54.2,61.5,64.9,65.8,53.9,34.5,33.2,30.0,27.2,28.3,29.2,28.5,30.1,36.9,53.1,67.2,72.1,74.4,82.4,81.8,87.5,84.6,84.4,86.3
Timor Leste,xxx,xxx,xxx,xxx,xxx,xxx,xxx,xxx,xxx,xxx,xxx,xxx,xxx,xxx,0.0,0.0,0.0,8.3,17.0,23.2,22.9,35.0,25.0,19.1,30.3,28.1,25.6,31.2,21.6
Viet Nam,20.0,6.9,7.5,6.1,4.7,4.1,5.8,0.0,0.0,0.0,0.0,0.0,0.0,0.0,0.0,10.2,11.0,12.2,15.1,20.8,24.7,27.5,30.2,30.1,37.2,40.8,46.0,48.8,53.1
Australia,351.9,373.9,392.1,405.4,392.4,379.6,416.0,423.0,447.8,428.7,379.9,411.0,380.7,364.8,407.2,503.0,600.2,652.9,691.0,819.3,871.9,870.9,1047.6,1179.9,1144.3,1066.8,1091.5,1003.0,1012.7
Fiji,34.1,40.1,41.9,44.2,41.0,42.4,44.0,44.7,41.9,39.1,28.2,29.5,39.5,40.3,37.9,45.7,57.2,52.5,65.3,90.5,63.5,60.2,58.6,70.1,67.7,66.0,52.0,52.9,50.3
New Zealand,288.6,285.6,311.3,287.0,248.5,243.2,270.4,312.0,333.1,314.7,256.2,254.2,222.5,203.9,218.5,281.8,315.1,336.1,349.6,404.4,387.7,374.9,441.9,472.3,472.3,477.9,505.9,429.2,458.6
Papua New Guinea,11.7,13.1,16.5,12.4,13.4,15.3,18.1,12.0,16.3,16.0,9.7,6.8,6.3,4.6,3.0,3.3,4.1,5.0,5.0,6.2,6.0,7.8,6.8,9.2,15.5,14.4,15.1,13.1,10.5
Albania,0.0,0.0,0.0,0.0,9.7,12.3,15.8,16.4,14.8,9.6,10.8,13.7,14.5,17.0,18.8,24.4,32.5,35.7,46.2,64.7,86.1,62.4,64.1,68.3,63.6,62.4,61.6,45.7,50.5
Bosnia-Herzegovina,xxx,xxx,xxx,xxx,0.0,0.0,0.0,0.0,0.0,0.0,0.0,0.0,0.0,0.0,63.3,53.0,52.3,45.2,46.5,50.8,60.8,63.2,57.3,55.3,51.5,51.7,49.9,42.6,43.3
Bulgaria,0.0,233.3,90.1,26.5,29.6,33.1,28.6,37.2,25.8,29.8,39.4,44.3,43.9,51.2,57.9,72.9,84.0,91.0,98.5,136.4,138.2,129.1,120.6,112.7,110.6,124.0,116.1,92.4,106.6
Croatia,xxx,xxx,xxx,xxx,165.2,248.8,348.9,446.3,423.8,396.5,317.8,232.5,149.0,142.8,166.9,161.6,166.7,182.5,194.4,224.7,298.3,260.7,235.4,257.2,222.8,224.0,213.0,177.7,164.4
Czech Rep.,xxx,xxx,xxx,xxx,xxx,78.9,90.7,103.1,108.8,95.8,113.2,117.3,112.8,115.4,146.1,184.7,200.0,238.4,238.5,262.1,280.7,259.9,237.7,234.9,203.5,197.5,178.5,167.2,185.5
Czechoslovakia,0.0,0.0,149,0.0,0.0,xxx,xxx,xxx,xxx,xxx,xxx,xxx,xxx,xxx,xxx,xxx,xxx,xxx,xxx,xxx,xxx,xxx,xxx,xxx,xxx,xxx,xxx,xxx,xxx
Estonia,xxx,xxx,xxx,xxx,0.0,8.8,17.2,25.4,29.2,37.6,42.6,52.6,56.0,67.4,88.3,124.9,150.3,196.2,233.6,330.4,377.5,325.1,249.4,293.1,329.9,363.1,389.1,357.4,383.8
German DR,0.0,0.0,xxx,xxx,xxx,xxx,xxx,xxx,xxx,xxx,xxx,xxx,xxx,xxx,xxx,xxx,xxx,xxx,xxx,xxx,xxx,xxx,xxx,xxx,xxx,xxx,xxx,xxx,xxx
Hungary,98.4,78.1,81.6,69.7,78.3,71.0,73.1,59.1,56.6,67.5,60.1,68.6,70.0,82.9,106.1,138.2,151.5,158.1,139.9,176.5,185.8,147.1,134.9,147.4,132.8,129.0,122.3,114.8,127.8
Kosovo,xxx,xxx,xxx,xxx,xxx,xxx,xxx,xxx,xxx,xxx,xxx,xxx,xxx,xxx,xxx,xxx,xxx,xxx,xxx,xxx,0.5,15.5,21.7,28.5,24.0,26.7,29.4,30.0,28.7
Latvia,xxx,xxx,xxx,xxx,0.0,6.9,13.4,17.5,15.5,15.6,17.5,23.6,29.5,37.1,63.5,82.7,101.6,122.4,167.3,221.7,271.3,171.8,124.2,143.8,125.5,140.9,148.7,143.5,208.2
Lithuania,xxx,xxx,xxx,xxx,0.0,5.7,5.8,8.4,11.7,21.2,39.0,30.3,40.3,48.2,52.9,61.9,80.2,90.9,106.4,135.4,168.1,127.6,104.5,112.2,108.9,119.7,146.4,163.7,223.3
"Macedonia, FYR",xxx,xxx,xxx,xxx,0.0,0.0,0.0,0.0,66.7,42.3,39.8,33.1,34.7,111.9,52.4,56.9,66.4,62.2,61.5,79.2,84.0,77.1,63.0,64.1,57.7,61.0,59.4,50.8,51.0
Montenegro,xxx,xxx,xxx,xxx,xxx,xxx,xxx,xxx,xxx,xxx,xxx,xxx,xxx,xxx,xxx,xxx,xxx,98.7,101.0,103.8,137.3,123.5,120.7,127.4,108.5,103.8,108.0,88.8,107.3
Poland,47.0,39.2,40.3,45.0,49.0,55.2,58.4,70.5,79.9,82.7,90.6,83.8,81.7,94.4,98.2,107.9,124.3,153.3,172.0,223.1,242.7,205.0,227.9,245.0,232.8,240.2,267.9,264.5,242.1
Romania,107.8,109.6,74.0,58.7,35.6,31.1,40.5,42.8,38.3,47.5,55.8,42.9,42.3,44.8,48.3,57.6,70.9,92.3,106.2,124.3,144.7,108.5,102.8,118.3,105.4,123.9,137.0,132.3,142.8
Serbia,xxx,xxx,xxx,xxx,0.0,0.0,0.0,0.0,0.0,93.5,66.4,77.1,35.6,52.6,72.8,78.8,80.1,68.5,77.0,106.4,122.0,107.2,96.3,109.4,95.0,102.9,102.7,81.8,80.7
Slovak Rep.,xxx,xxx,xxx,xxx,xxx,50.0,56.1,117.4,119.4,92.9,73.9,60.8,63.6,73.1,81.7,116.0,132.1,152.9,169.2,211.3,261.6,250.0,210.4,196.8,188.4,178.6,184.0,181.7,190.8
Slovenia,xxx,xxx,xxx,xxx,140.3,115.1,119.2,168.0,165.9,146.3,151.5,138.2,111.8,136.5,164.5,209.7,247.7,257.5,303.6,343.3,408.4,391.1,376.2,323.3,263.5,245.4,235.3,193.8,195.5
Yugoslavia (former),0.0,0.0,0.0,0.0,xxx,xxx,xxx,xxx,xxx,xxx,xxx,xxx,xxx,xxx,xxx,xxx,xxx,xxx,xxx,xxx,xxx,xxx,xxx,xxx,xxx,xxx,xxx,xxx,xxx
Eastern Europe,,,,,,,,,,,,,,,,,,,,,,,,,,,,,
Armenia,xxx,xxx,xxx,xxx,0.0,2.9,0.0,16.2,16.5,20.4,21.4,22.1,22.1,21.6,21.0,25.2,32.4,46.7,62.7,93.7,133.1,121.2,133.3,131.7,127.8,148.6,152.3,148.3,142.6
Azerbaijan,xxx,xxx,xxx,xxx,1.5,10.2,5.7,8.5,9.1,11.6,13.4,14.9,14.7,16.1,16.9,21.1,27.0,35.6,82.8,108.0,181.3,164.0,162.3,333.8,346.8,354.6,355.9,309.7,139.7
Belarus,xxx,xxx,xxx,xxx,0.0,0.0,0.0,17.6,18.1,24.7,22.6,16.6,14.1,18.0,20.8,23.7,32.4,47.0,65.9,78.2,92.7,71.1,80.9,79.7,86.1,102.3,106.4,76.2,150.1
Georgia,xxx,xxx,xxx,xxx,0.0,0.0,0.0,0.0,13.6,8.9,8.5,5.4,4.0,5.1,7.3,9.3,15.6,47.8,91.3,212.4,251.0,140.4,106.9,111.7,118.9,108.2,103.0,83.3,33.2
Moldova,xxx,xxx,xxx,xxx,0.0,0.0,0.0,3.1,3.6,4.1,2.5,1.4,1.2,1.4,1.7,2.0,2.3,2.9,4.0,5.5,9.0,6.1,4.5,5.6,5.9,6.6,6.8,5.7,7.3
Russian Federation,867.4,766.7,763.1,0.0,0.0,52.3,91.3,85.9,106.9,118.9,54.0,44.0,63.0,80.1,96.0,117.4,145.5,190.3,240.8,304.1,392.6,360.0,410.2,490.4,568.6,616.3,590.5,463.0,483.1
Ukraine,xxx,xxx,xxx,xxx,0.0,3.0,18.0,20.6,29.0,41.3,28.3,19.1,23.3,22.5,24.6,30.1,35.8,51.4,64.2,88.6,104.5,75.3,81.7,81.0,91.3,97.1,89.6,80.7,76.8
Austria,224.3,211.7,256.0,257.1,273.9,268.6,280.9,320.8,307.2,270.1,269.2,264.5,239.2,221.4,231.9,292.1,326.9,326.2,319.3,421.6,449.7,398.8,383.5,404.8,376.9,380.5,388.1,311.9,334.2
Belgium,412.5,389.9,465.4,461.9,411.1,371.2,389.3,437.8,416.5,361.1,358.7,351.5,310.7,294.4,303.6,371.7,406.3,400.3,405.2,482.4,584.1,517.8,479.8,499.7,466.5,471.9,461.7,373.3,357.5
Cyprus,331.1,326.2,536.7,534.2,787.0,327.6,356.5,349.4,513.1,599.7,532.7,313.3,298.1,340.8,247.5,289.0,333.2,368.9,369.8,381.1,421.4,432.2,432.7,429.6,367.0,337.2,310.1,281.4,299.8
Denmark,453.1,425.7,515.5,518.4,548.7,516.7,521.7,595.9,587.4,531.5,537.1,523.5,448.2,471.6,501.8,594.3,662.9,640.2,716.2,763.8,871.3,785.2,811.3,810.3,789.6,749.7,718.4,593.4,617.7
Finland,344.2,355.6,429.4,439.4,412.3,319.2,345.3,373.7,394.4,378.7,380.3,320.2,301.0,285.1,309.8,434.2,506.0,522.9,543.3,570.0,680.3,674.0,633.4,694.8,664.1,694.4,656.9,554.4,587.9
France,641.0,623.5,747.9,746.2,784.8,737.5,765.5,820.4,794.0,704.3,680.2,658.1,569.4,557.3,606.0,759.4,871.0,863.9,884.9,977.9,1059.4,1067.7,981.3,1021.1,944.5,977.6,992.1,859.4,862.4
Germany,449.1,428.0,536.0,497.2,524.1,461.3,447.4,504.3,476.2,405.1,404.2,397.8,343.7,335.2,359.0,429.8,466.8,468.4,470.0,526.3,596.1,589.5,575.1,598.6,577.4,570.1,571.7,493.4,509.3
Greece,274.5,254.4,315.2,308.0,351.0,322.5,340.2,392.8,430.1,423.5,444.3,459.4,416.7,403.0,429.9,456.6,567.3,634.9,685.4,766.6,947.4,951.9,730.4,639.2,532.4,511.5,502.8,451.7,455.6
Iceland,0.0,0.0,0.0,0.0,0.0,0.0,0.0,0.0,0.0,0.0,0.0,0.0,0.0,0.0,0.0,0.0,0.0,0.0,0.0,0.0,0.0,71.6,62.5,60.7,53.9,0.0,0.0,0.0,0.0
Ireland,127.3,121.9,166.7,175.0,188.2,166.1,175.0,192.6,204.4,206.5,198.3,195.7,180.8,196.8,204.4,238.9,267.5,272.4,277.2,312.7,353.3,310.6,276.0,279.5,248.0,256.0,255.1,212.7,212.0
Italy,344.3,349.6,410.1,426.7,438.2,360.2,356.5,339.2,410.6,398.4,411.8,415.4,392.2,383.7,422.6,521.4,584.7,571.6,567.0,608.1,695.3,644.1,604.7,638.9,564.7,567.0,528.1,423.0,467.4
Luxembourg,229.9,201.1,253.3,278.9,314.8,272.4,313.1,348.5,341.8,319.2,336.1,326.4,293.9,364.1,345.7,444.1,519.4,532.4,530.8,602.6,488.0,449.3,539.8,494.2,446.0,474.7,501.3,486.9,510.8
Malta,64.2,60.5,59.5,60.6,73.6,67.3,75.5,83.6,88.6,82.2,76.2,72.8,65.5,69.7,72.6,86.9,102.7,132.2,111.1,122.2,137.9,144.4,142.5,135.0,120.1,129.1,135.3,123.7,137.2
Netherlands,457.0,431.9,497.5,482.5,522.5,462.9,465.0,518.5,503.6,437.4,434.8,444.5,375.7,387.9,418.5,516.9,576.9,585.8,623.0,697.3,749.1,731.9,674.7,697.9,618.8,608.4,612.6,512.1,545.1
Norway,689.3,695.0,800.6,771.3,887.6,736.9,785.2,804.6,806.4,737.2,748.8,740.9,650.6,656.9,896.1,990.5,1065.0,1056.3,1073.8,1245.7,1335.2,1282.6,1328.6,1459.9,1423.6,1454.1,1424.7,1116.0,1138.0
Portugal,136.2,147.3,189.6,213.5,254.7,219.5,216.6,264.9,257.0,235.1,229.0,235.1,214.5,225.3,251.1,298.9,356.2,385.4,386.7,413.8,454.9,467.4,445.8,464.5,393.5,451.6,395.3,343.6,365.5
Spain,228.0,237.9,298.4,297.3,310.9,254.1,254.6,287.7,283.2,246.7,257.4,275.1,252.1,247.9,245.6,303.2,353.6,364.8,387.4,443.8,485.1,435.9,423.0,421.7,404.4,371.2,371.4,323.9,323.6
Sweden,581.5,591.7,720.8,721.8,739.7,573.5,586.5,649.1,701.0,587.3,579.2,580.9,539.8,464.4,488.6,593.3,614.0,611.1,613.7,697.7,653.0,544.2,627.3,668.4,654.2,678.4,675.6,550.9,540.2
Switzerland,498.5,465.7,607.8,596.0,607.3,524.1,560.3,662.0,600.5,493.4,491.2,440.9,390.8,383.8,398.1,448.6,477.0,470.3,445.0,466.2,536.0,524.2,525.6,627.6,572.4,619.9,561.8,544.8,558.8
UK,604.0,588.2,681.9,734.7,710.1,592.0,597.4,591.5,593.9,612.3,630.7,621.5,598.9,598.0,668.8,788.3,901.8,916.0,947.8,1079.1,1063.7,930.8,926.1,954.2,920.1,889.1,920.0,832.3,741.3
Bahrain,445.9,453.3,482.6,516.6,534.2,521.3,518.2,537.8,555.0,538.3,533.6,568.5,538.4,535.8,612.3,677.5,658.3,592.0,610.3,625.9,645.2,692.0,668.2,791.3,886.5,998.7,1083.2,1047.0,1023.2
Egypt,83.1,63.9,40.1,23.3,24.0,25.4,28.0,31.2,33.3,35.0,36.0,36.5,38.5,40.7,40.9,33.0,32.2,35.5,38.7,42.6,47.9,49.9,53.7,53.3,53.2,49.8,56.8,59.8,48.3
Iran,356.2,297.8,293.3,306.3,339.5,24.6,28.6,41.5,57.9,74.4,86.1,102.7,126.5,155.3,47.9,54.2,75.6,96.9,123.4,130.1,152.8,171.5,182.6,189.9,216.6,155.5,126.7,133.8,158.4
Iraq,0.0,0.0,0.0,0.0,0.0,0.0,0.0,0.0,0.0,0.0,0.0,0.0,0.0,0.0,0.0,0.0,23.3,41.5,44.6,70.0,106.9,108.0,121.6,134.3,125.6,228.1,196.2,263.7,165.9
Israel,1747.7,1383.3,1607.9,2254.2,1706.3,1753.7,1679.9,1661.1,1735.8,1712.1,1579.2,1460.9,1557.5,1554.6,1602.3,1688.4,1703.2,1638.0,1694.0,1733.2,1987.0,1924.8,1962.1,2032.5,1915.9,2158.4,2280.5,2078.8,2193.8
Jordan,190.4,119.3,96.0,122.4,98.2,98.8,98.2,69.4,93.9,97.7,107.4,109.1,111.0,109.1,105.7,121.3,113.5,113.2,126.9,179.3,226.0,250.3,239.0,235.9,210.6,200.3,208.9,212.8,228.1
Kuwait,850.9,1010.7,4352.7,6439.3,3308.4,1663.4,1948.1,2255.6,1979.0,1455.5,1292.1,1233.8,1397.8,1349.6,1381.6,1493.7,1592.6,1550.4,1505.7,1621.3,1637.7,1460.8,1417.0,1665.1,1737.5,1585.6,1554.0,1413.9,1636.6
Lebanon,14.7,0.0,79.3,83.4,156.9,156.2,214.3,246.0,239.5,219.3,222.8,262.8,287.5,285.3,257.6,249.5,247.1,241.4,248.7,282.0,284.6,341.1,365.5,354.2,356.8,366.1,404.5,382.8,0.0
Oman,912.3,896.7,1065.3,884.1,1021.7,929.2,947.3,920.9,863.3,887.1,790.0,803.1,939.1,1067.8,1072.4,1100.9,1214.9,1456.8,1578.4,1667.9,1740.6,1625.6,1662.9,2077.1,3479.1,2991.7,2585.3,2236.9,1953.5
Qatar,2207.0,1832.3,1659.7,1846.2,0,0,0,0,0,0,0,0,0,0,1199.6,1174.3,1055.0,1060.4,1078.2,1325.1,1668.5,1224.5,1063.0,0,0,0,0,0,0
Saudi Arabia,876.3,806.4,999.6,968.3,882.8,919.5,777.2,700.1,690.1,915.0,1027.6,879.7,933.2,955.4,816.2,802.6,869.3,1026.1,1163.7,1359.8,1429.3,1505.6,1610.7,1685.8,1915.4,2219.1,2614.8,2764.3,1978.2
Syria,317.4,122.7,131.9,225.8,225.7,105.2,117.4,66.8,67.5,69.1,70.4,70.6,54.9,61.2,64.9,83.0,78.6,80.0,76.6,82.3,86.2,106.1,113.2,121.7,0,0,0,0,0
Turkey,51.1,63.6,98.4,103.3,110.3,124.8,91.9,112.9,126.4,129.0,143.1,159.8,158.0,112.4,139.0,155.6,163.1,178.0,194.5,220.4,243.5,229.5,248.1,235.4,239.9,244.8,229.2,201.9,185.9
UAE,0.0,0.0,0.0,0.0,0.0,0.0,0.0,0,0,1285.4,1467.0,1467.7,1926.4,1801.8,1577.5,1609.2,1714.5,1473.5,1385.6,1407.8,1677.0,1795.7,2101.5,2196.0,2125.0,2606.3,2504.4,0,0
Yemen,xxx,xxx,67.5,81.8,98.7,110.1,160.8,52.8,26.3,24.3,22.8,22.8,26.6,29.5,39.2,41.7,36.9,39.8,39.0,48.4,53.6,61.9,61.4,66.5,65.1,64.6,65.5,0.0,0.0
"Yemen, North",..,..,xxx,xxx,xxx,xxx,xxx,xxx,xxx,xxx,xxx,xxx,xxx,xxx,xxx,xxx,xxx,xxx,xxx,xxx,xxx,xxx,xxx,xxx,xxx,xxx,xxx,xxx,xxx
